DROP TABLE IF EXISTS USUARIOS;

CREATE TABLE USUARIOS
       (id INTEGER(4) AUTO_INCREMENT,
        login VARCHAR(20) UNIQUE,
        pass VARCHAR(20),
        tipo VARCHAR(10),
        PRIMARY KEY(id));

INSERT INTO USUARIOS VALUES
        (7000, 'Juan',  '123','admin');
INSERT INTO USUARIOS VALUES
        (7001, 'Alberto', '456','admin');
INSERT INTO USUARIOS VALUES
        (7002, 'Maria', '789','admin');

DROP TABLE IF EXISTS EMPLEADOS;
DROP TABLE IF EXISTS DEPARTAMENTOS;

CREATE TABLE DEPARTAMENTOS
(
  id INT(2),
  nombre VARCHAR(20),
  localizacion VARCHAR(50),
  PRIMARY KEY(id) 
);

INSERT INTO DEPARTAMENTOS VALUES (10, 'CONTABILIDAD', 'NEW YORK');
INSERT INTO DEPARTAMENTOS VALUES (20, 'INVESTIGACION',   'DALLAS');
INSERT INTO DEPARTAMENTOS VALUES (30, 'VENTAS',      'CHICAGO');
INSERT INTO DEPARTAMENTOS VALUES (40, 'OPERACIONES', 'BOSTON');



CREATE TABLE EMPLEADOS
(
  id INTEGER(4) AUTO_INCREMENT,
  apellido VARCHAR(20) UNIQUE,
  cargo VARCHAR(9),
  jefe INTEGER(4),
  fecha_alta DATE,
  salario DOUBLE,
  comision DOUBLE,
  departamento INTEGER(4),
  FOREIGN KEY (departamento) REFERENCES DEPARTAMENTOS(id),
  PRIMARY KEY(id)
);



INSERT INTO EMPLEADOS VALUES
        (7369, 'SMITH',  'EMPLEADO',     7902,
        '1980-12-17',  800, NULL, 20);
INSERT INTO EMPLEADOS VALUES
        (7499, 'ALLEN',  'COMERCIAL',  7698,
        '1981-02-20', 1600,  300, 30);
INSERT INTO EMPLEADOS VALUES
        (7521, 'WARD',   'COMERCIAL',  7698,
        '1981-02-22',  1250,  500, 30);
INSERT INTO EMPLEADOS VALUES
        (7566, 'JONES',  'MANAGER',   7839,
        '1981-04-02',  2975, NULL, 20);
INSERT INTO EMPLEADOS VALUES
        (7654, 'MARTIN', 'COMERCIAL',  7698,
        '1981-09-28', 1250, 1400, 30);
INSERT INTO EMPLEADOS VALUES
        (7698, 'BLAKE',  'MANAGER',   7839,
        '1981-05-01',  2850, NULL, 30);
INSERT INTO EMPLEADOS VALUES
        (7782, 'CLARK',  'MANAGER',   7839,
        '1981-06-09',  2450, NULL, 10);
INSERT INTO EMPLEADOS VALUES
        (7788, 'SCOTT',  'ANALYST',   7566,
        '1982-12-09', 3000, NULL, 20);
INSERT INTO EMPLEADOS VALUES
        (7839, 'KING',   'PRESIDENTE', NULL,
        '1981-11-17', 5000, NULL, 10);
INSERT INTO EMPLEADOS VALUES
        (7844, 'TURNER', 'COMERCIAL',  7698,
        '1981-09-08',  1500,    0, 30);
INSERT INTO EMPLEADOS VALUES
        (7876, 'ADAMS',  'EMPLEADO',     7788,
        '1983-01-12', 1100, NULL, 20);
INSERT INTO EMPLEADOS VALUES
        (7900, 'JAMES',  'EMPLEADO',     7698,
        '1981-12-03',   950, NULL, 30);
INSERT INTO EMPLEADOS VALUES
        (7902, 'FORD',   'ANALISTA',   7566,
        '1981-12-03',  3000, NULL, 20);
INSERT INTO EMPLEADOS VALUES
        (7934, 'MILLER', 'EMPLEADO',     7782,
        '1982-01-23', 1300, NULL, 10);

ALTER TABLE EMPLEADOS ADD FOREIGN KEY(jefe) REFERENCES EMPLEADOS(id);